seed,pv_kw,battery_kwh,hours,load_kwh,pv_kwh,grid_import_kwh,grid_peak_kw,export_kwh,curtailed_kwh,fuel_liters,unserved_critical_kwh,shed_noncritical_kwh,outage_critical_served_fraction,energy_cost,demand_cost,export_credit,fuel_cost,operating_cost,co2_kg,initial_stored_kwh,final_stored_kwh,battery_loss_kwh,max_balance_error_kw
42,25,0,168,3717.7592444602515,1016.848461105332,2780.5582142452927,45.20524874778851,79.64743089037319,0.0,0.0,0.0,0.0,,505.910895430259,361.6419899823081,3.1858972356149273,0.0,864.3669881769522,1056.6121214132113,0.0,0.0,0.0,3.552713678800501e-15
42,25,50,168,3717.7592444602515,1016.848461105332,2708.676407866731,45.20524874778851,0.0,0.0,0.0,0.0,0.0,,485.0651715804761,361.6419899823081,0.0,0.0,846.7071615627842,1029.2970349893578,10.0,10.0,7.765624511811385,3.552713678800501e-15
42,25,100,168,3717.7592444602515,1016.848461105332,2708.676407866731,45.20524874778851,0.0,0.0,0.0,0.0,0.0,,485.0651715804761,361.6419899823081,0.0,0.0,846.7071615627842,1029.2970349893578,20.0,20.0,7.765624511811385,3.552713678800501e-15
42,25,150,168,3717.7592444602515,1016.848461105332,2708.676407866731,45.20524874778851,0.0,0.0,0.0,0.0,0.0,,485.0651715804761,361.6419899823081,0.0,0.0,846.7071615627842,1029.2970349893578,30.0,30.0,7.765624511811385,3.552713678800501e-15
42,55,0,168,3717.7592444602515,2237.0666144317306,2417.567893887104,45.20524874778851,642.3665713506081,294.5086925079751,0.0,0.0,0.0,,445.7818807504097,361.6419899823081,25.694662854024322,0.0,781.7292078786935,918.6757996770996,0.0,0.0,0.0,3.552713678800501e-15
42,55,50,168,3717.7592444602515,2237.0666144317306,2151.567893887104,45.20524874778851,410.55808005703557,231.58034169628442,0.0,0.0,0.0,,368.6418807504097,361.6419899823081,16.422323202281422,0.0,713.8615475304364,817.5957996770996,10.0,10.0,28.736842105263158,7.105427357601002e-15
42,55,100,168,3717.7592444602515,2237.0666144317306,1900.8913405000376,40.352636713778345,233.3693163917157,131.0111514701179,0.0,0.0,0.0,,295.9456802681605,322.82109371022676,9.334772655668628,0.0,609.4320013227186,722.3387093900143,20.0,20.0,55.818242609683075,7.105427357601002e-15
42,55,150,168,3717.7592444602515,2237.0666144317306,1750.5988766862984,40.15273016966493,134.77053103579962,50.714877956076634,0.0,0.0,0.0,,252.360865762176,321.2218413573194,5.390821241431985,0.0,568.1918858780633,665.2275731407934,30.0,41.74771243831249,72.67312522758829,7.105427357601002e-15
42,85,0,168,3717.7592444602515,3457.284767758129,2289.402660578672,45.20524874778851,848.6977025484982,1180.2304813280514,0.0,0.0,0.0,,420.58359345735545,361.6419899823081,33.94790810193993,0.0,748.2776753377236,869.9730110198955,0.0,0.0,0.0,0.0
42,85,50,168,3717.7592444602515,3457.284767758129,2023.4026605786723,45.20524874778851,681.7988719098092,1052.3924698614771,0.0,0.0,0.0,,343.4435934573554,361.6419899823081,27.27195487639237,0.0,677.8136285632711,768.8930110198955,10.0,10.0,28.736842105263154,7.105427357601002e-15
42,85,100,168,3717.7592444602515,3457.284767758129,1757.402660578672,38.01659191105787,604.6379933938861,834.8165062721372,0.0,0.0,0.0,,266.3035934573555,304.132735288463,24.18551973575544,0.0,546.250809010063,667.8130110198954,20.0,20.0,57.473684210526315,7.105427357601002e-15
42,85,150,168,3717.7592444602515,3457.284767758129,1583.0012877305458,35.06416522501726,581.8656154419725,643.4064678218492,0.0,0.0,0.0,,215.72719533139878,280.5133218001381,23.274624617678903,0.0,472.96589251385797,601.5404893376074,30.0,49.89290311037955,77.361824654222,7.105427357601002e-15
43,25,0,168,3706.7145448628335,918.3922881040612,2830.508050676513,42.94352861724396,42.1857939177404,0.0,0.0,0.0,0.0,,510.82558503108356,343.5482289379517,1.687431756709616,0.0,852.6863822123256,1075.5930592570749,0.0,0.0,0.0,0.0
43,25,50,168,3706.7145448628335,918.3922881040612,2792.4353716657524,42.94352861724396,0.0,0.0,0.0,0.0,0.0,,499.78450811796296,343.5482289379517,0.0,0.0,843.3327370559147,1061.1254412329858,10.0,10.0,4.113114906979687,0.0
43,25,100,168,3706.7145448628335,918.3922881040612,2792.435371665752,42.94352861724396,0.0,0.0,0.0,0.0,0.0,,499.78450811796296,343.5482289379517,0.0,0.0,843.3327370559147,1061.1254412329858,20.0,20.0,4.113114906979687,0.0
43,25,150,168,3706.7145448628335,918.3922881040612,2792.435371665752,42.94352861724396,0.0,0.0,0.0,0.0,0.0,,499.78450811796296,343.5482289379517,0.0,0.0,843.3327370559147,1061.1254412329858,30.0,30.0,4.113114906979688,0.0
43,55,0,168,3706.7145448628335,2020.4630338289348,2428.9597395562664,42.94352861724396,574.3956033242757,168.31262519809184,0.0,0.0,0.0,,447.63522488471574,343.5482289379517,22.97582413297103,0.0,768.2076296896963,923.0047010313813,0.0,0.0,0.0,3.552713678800501e-15
43,55,50,168,3706.7145448628335,2020.4630338289348,2162.9597395562664,42.94352861724396,327.20510447918696,120.76628193791743,0.0,0.0,0.0,,370.49522488471587,343.5482289379517,13.088204179167478,0.0,700.9552496435,821.9247010313812,10.0,10.0,28.736842105263154,7.105427357601002e-15
43,55,100,168,3706.7145448628335,2020.4630338289348,1932.0043543116751,41.587764641796944,130.90050502710264,61.164637351673626,0.0,0.0,0.0,,303.51816316378444,332.70211713437556,5.236020201084106,0.0,630.9842600970759,734.1616546384365,20.0,20.0,53.68770089900014,7.105427357601002e-15
43,55,150,168,3706.7145448628335,2020.4630338289348,1834.657228473115,40.91488808577657,61.142515458009846,23.05877557610164,0.0,0.0,0.0,,275.287496670602,327.31910468621254,2.445700618320394,0.0,600.1609007384941,697.1697468197838,30.0,30.0,64.20442640510495,7.105427357601002e-15
43,85,0,168,3706.7145448628335,3122.533779553808,2290.3356029299894,42.94352861724396,809.69220241264,896.4626352083242,0.0,0.0,0.0,,421.62747888639973,343.5482289379517,32.3876880965056,0.0,732.7880197278458,870.3275291133959,0.0,0.0,0.0,0.0
43,85,50,168,3706.7145448628335,3122.533779553808,2024.3356029299894,42.94352861724396,635.5690460660696,775.8489494496314,0.0,0.0,0.0,,344.48747888639974,343.5482289379517,25.422761842642785,0.0,662.6129459817087,769.247529113396,10.0,10.0,28.736842105263158,7.105427357601002e-15
43,85,100,168,3706.7145448628335,3122.533779553808,1758.3356029299894,39.531996430578864,546.6695629588521,570.0115904515856,0.0,0.0,0.0,,267.3474788863997,316.2559714446309,21.866782518354086,0.0,561.7366678126766,668.167529113396,20.0,20.0,57.473684210526315,7.105427357601002e-15
43,85,150,168,3706.7145448628335,3122.533779553808,1571.366446664416,37.12927766559778,505.8609470526694,392.14548890438135,0.0,0.0,0.0,,213.12642356938335,297.03422132478227,20.23443788210678,0.0,489.92620701205885,597.119249732478,30.0,40.931343406429804,78.24790199191006,7.105427357601002e-15
44,25,0,168,3745.0035335853,1102.6921405110954,2747.6596930786254,43.95590864170589,105.34830000442125,0.0,0.0,0.0,0.0,,500.25163484240227,351.6472691336471,4.21393200017685,0.0,847.6849719758725,1044.1106833698777,0.0,0.0,0.0,0.0
44,25,50,168,3745.0035335853,1102.6921405110954,2652.5828523246355,43.95590864170589,0.0,0.0,0.0,0.0,0.0,,472.67935102374514,351.6472691336471,0.0,0.0,824.3266201573922,1007.9814838833615,10.0,10.0,10.271459250431072,0.0
44,25,100,168,3745.0035335853,1102.6921405110954,2652.5828523246355,43.95590864170589,0.0,0.0,0.0,0.0,0.0,,472.67935102374514,351.6472691336471,0.0,0.0,824.3266201573922,1007.9814838833615,20.0,20.0,10.271459250431072,0.0
44,25,150,168,3745.0035335853,1102.6921405110954,2652.5828523246355,43.95590864170589,0.0,0.0,0.0,0.0,0.0,,472.67935102374514,351.6472691336471,0.0,0.0,824.3266201573922,1007.9814838833615,30.0,30.0,10.27145925043107,0.0
44,55,0,168,3745.0035335853,2425.92270912441,2400.5454972436355,43.95590864170589,696.4617542672978,385.00291851544796,0.0,0.0,0.0,,440.8869059914887,351.6472691336471,27.858470170691913,0.0,764.6757049544439,912.2072889525815,0.0,0.0,0.0,3.552713678800501e-15
44,55,50,168,3745.0035335853,2425.92270912441,2134.5454972436355,43.95590864170589,475.42465553538915,311.3031751420934,0.0,0.0,0.0,,363.7469059914888,351.6472691336471,19.016986221415568,0.0,696.3771889037204,811.1272889525815,10.0,10.0,28.736842105263154,7.105427357601002e-15
44,55,100,168,3745.0035335853,2425.92270912441,1870.350410544214,41.32535112591869,323.1524098969302,170.83848260944814,0.0,0.0,0.0,,287.13033084865646,330.6028090073495,12.926096395877208,0.0,604.8070434601287,710.7331560068013,20.0,20.0,57.27869357694583,7.105427357601002e-15
44,55,150,168,3745.0035335853,2425.92270912441,1703.2847449971864,41.32535112591869,233.2514296570552,68.36855761787558,0.0,0.0,0.0,,238.68128784001846,330.6028090073495,9.33005718628221,0.0,559.9540396610856,647.2482030989308,30.0,36.893764657214476,75.69016860415122,7.105427357601002e-15
44,85,0,168,3745.0035335853,3749.153277737725,2285.7889229508087,43.95590864170589,892.0621753735481,1397.8764917296853,0.0,0.0,0.0,,418.2310014797629,351.6472691336471,35.68248701494193,0.0,734.1957835984681,868.5997907213073,0.0,0.0,0.0,0.0
44,85,50,168,3745.0035335853,3749.153277737725,2019.7889229508087,43.1637308027741,721.6422527429349,1273.5595722550352,0.0,0.0,0.0,,341.09100147976295,345.3098464221928,28.8656901097174,0.0,657.5351577922384,767.5197907213073,10.0,10.0,28.736842105263154,7.105427357601002e-15
44,85,100,168,3745.0035335853,3749.153277737725,1753.7889229508087,39.5930226606773,672.1493806796667,1028.3156022130402,0.0,0.0,0.0,,263.9510014797629,316.7441812854184,26.88597522718667,0.0,553.8092075379946,666.4397907213073,20.0,20.0,57.47368421052631,7.105427357601002e-15
44,85,150,168,3745.0035335853,3749.153277737725,1591.079545386395,36.971229148049225,659.484920001625,845.9815666624102,0.0,0.0,0.0,,216.76528198608304,295.7698331843938,26.379396800065003,0.0,486.1557183704118,604.6102272468302,30.0,43.975542402066296,75.7872604727185,7.105427357601002e-15
45,25,0,168,3727.606079104429,1065.6599105975758,2749.219910121699,43.51065554053356,87.27374161484538,0.0,0.0,0.0,0.0,,500.36961737256115,348.0852443242685,3.490949664593815,0.0,844.9639120322358,1044.7035658462455,0.0,0.0,0.0,3.552713678800501e-15
45,25,50,168,3727.606079104429,1065.6599105975758,2670.4553583143006,43.51065554053356,0.0,0.0,0.0,0.0,0.0,,477.5278973484157,348.0852443242685,0.0,0.0,825.6131416726842,1014.7730361594342,10.0,10.0,8.509189807447424,3.552713678800501e-15
45,25,100,168,3727.606079104429,1065.6599105975758,2670.4553583143006,43.51065554053356,0.0,0.0,0.0,0.0,0.0,,477.5278973484157,348.0852443242685,0.0,0.0,825.6131416726842,1014.7730361594342,20.0,20.0,8.509189807447424,3.552713678800501e-15
45,25,150,168,3727.606079104429,1065.6599105975758,2670.4553583143006,43.51065554053356,0.0,0.0,0.0,0.0,0.0,,477.5278973484157,348.0852443242685,0.0,0.0,825.6131416726842,1014.7730361594342,30.0,30.0,8.509189807447424,3.552713678800501e-15
45,55,0,168,3727.606079104429,2344.451803314667,2392.646439983102,43.51065554053356,671.8569185082044,337.63524568513554,0.0,0.0,0.0,,439.9037313095745,348.0852443242685,26.874276740328177,0.0,761.1146988935149,909.2056471935788,0.0,0.0,0.0,3.552713678800501e-15
45,55,50,168,3727.606079104429,2344.451803314667,2126.646439983102,43.51065554053356,448.06533828337615,266.68998380470066,0.0,0.0,0.0,,362.76373130957455,348.0852443242685,17.922613531335045,0.0,692.926362102508,808.1256471935787,10.0,10.0,28.736842105263154,7.105427357601002e-15
45,55,100,168,3727.606079104429,2344.451803314667,1861.1353677470734,41.67743708377897,286.76910447632565,133.79112372141427,0.0,0.0,0.0,,285.7655203611261,333.41949667023175,11.470764179053026,0.0,607.7142528523048,707.2314397438879,20.0,20.0,57.420863759571006,7.105427357601002e-15
45,55,150,168,3727.606079104429,2344.451803314667,1672.8779869003606,39.45682417343916,162.11662772021162,41.55956073418073,0.0,0.0,0.0,,231.17087991557932,315.6545933875133,6.484665108808465,0.0,540.3408081942841,635.6936350221371,30.0,37.874173707008836,78.17334894919694,7.105427357601002e-15
45,85,0,168,3727.606079104429,3623.243696031758,2275.034611686063,43.51065554053356,874.848482547026,1295.8237460663656,0.0,0.0,0.0,,416.7644574649889,348.0852443242685,34.99393930188104,0.0,729.8557624873763,864.5131524407038,0.0,0.0,0.0,0.0
45,85,50,168,3727.606079104429,3623.243696031758,2009.034611686063,43.51065554053356,707.0019748596709,1168.9334116484574,0.0,0.0,0.0,,339.6244574649889,348.0852443242685,28.280078994386837,0.0,659.4296227948706,763.433152440704,10.0,10.0,28.736842105263154,7.105427357601002e-15
45,85,100,168,3727.606079104429,3623.243696031758,1743.0346116860633,38.61888616770447,654.2513886830284,926.9471557198369,0.0,0.0,0.0,,262.48445746498885,308.95108934163574,26.170055547321137,0.0,545.2654912593035,662.3531524407041,20.0,20.0,57.473684210526315,7.105427357601002e-15
45,85,150,168,3727.606079104429,3623.243696031758,1571.9874816459264,36.50068681542747,639.3160323584123,735.4819325926461,0.0,0.0,0.0,,212.88078975334918,292.00549452341977,25.572641294336492,0.0,479.31364298243244,597.3552430254521,30.0,46.03093991065158,76.7961937115449,7.105427357601002e-15
46,25,0,168,3734.8714650063657,981.0660205464142,2796.3573424945034,44.624551628758695,42.55189803455219,0.0,0.0,0.0,0.0,,508.0937993448732,356.99641303006956,1.7020759213820875,0.0,863.3881364535607,1062.6157901479114,0.0,0.0,0.0,3.552713678800501e-15
46,25,50,168,3734.8714650063657,981.0660205464142,2757.9542545183203,44.624551628758695,0.0,0.0,0.0,0.0,0.0,,496.95690383178004,356.99641303006956,0.0,0.0,853.9533168618495,1048.0226167169617,10.0,10.0,4.148810058368838,3.552713678800501e-15
46,25,100,168,3734.8714650063657,981.0660205464142,2757.9542545183203,44.624551628758695,0.0,0.0,0.0,0.0,0.0,,496.95690383178004,356.99641303006956,0.0,0.0,853.9533168618495,1048.0226167169617,20.0,20.0,4.148810058368838,3.552713678800501e-15
46,25,150,168,3734.8714650063657,981.0660205464142,2757.9542545183203,44.624551628758695,0.0,0.0,0.0,0.0,0.0,,496.95690383178004,356.99641303006956,0.0,0.0,853.9533168618495,1048.0226167169617,30.0,30.0,4.148810058368838,3.552713678800501e-15
46,55,0,168,3734.8714650063657,2158.345245202111,2418.459690343825,44.624551628758695,629.7465778462298,212.1868926933409,0.0,0.0,0.0,,445.5867949011432,356.99641303006956,25.189863113849192,0.0,777.3933448173635,919.0146823306535,0.0,0.0,0.0,3.552713678800501e-15
46,55,50,168,3734.8714650063657,2158.345245202111,2152.459690343825,44.624551628758695,404.53850887548197,142.65811955882558,0.0,0.0,0.0,,368.4467949011432,356.99641303006956,16.18154035501928,0.0,709.2616675761935,817.9346823306536,10.0,10.0,28.736842105263158,7.105427357601002e-15
46,55,100,168,3734.8714650063657,2158.345245202111,1887.9834685216467,41.66313690191917,202.36057465654903,51.78760854542762,0.0,0.0,0.0,,291.7486905727114,333.30509521535333,8.09442298626196,0.0,616.9593628018027,717.4337180382257,20.0,20.0,57.30906551541541,7.105427357601002e-15
46,55,150,168,3734.8714650063657,2158.345245202111,1718.53289172932,41.24794569808576,58.91636373719946,3.337115057785887,0.0,0.0,0.0,,242.60802330293663,329.98356558468606,2.3566545494879785,0.0,570.2349343381347,653.0424988571416,30.0,33.93094098419253,75.82225214588743,7.105427357601002e-15
46,85,0,168,3734.8714650063657,3335.624469857808,2294.48700445104,44.624551628758695,847.5357082478766,1047.7043010546054,0.0,0.0,0.0,,421.47088965989883,356.99641303006956,33.90142832991506,0.0,744.5658743600534,871.9050616913952,0.0,0.0,0.0,0.0
46,85,50,168,3734.8714650063657,3335.624469857808,2028.4870044510399,44.624551628758695,674.1127210692714,926.3904461279474,0.0,0.0,0.0,,344.33088965989884,356.99641303006956,26.964508842770858,0.0,674.3627938471975,770.8250616913951,10.0,10.0,28.736842105263158,0.0
46,85,100,168,3734.8714650063657,3335.624469857808,1762.4870044510394,40.206222978877825,603.1211941468913,702.6451309450645,0.0,0.0,0.0,,267.1908896598989,321.6497838310226,24.124847765875653,0.0,564.7158257250459,669.745061691395,20.0,20.0,57.47368421052632,0.0
46,85,150,168,3734.8714650063657,3335.624469857808,1583.9732704226317,36.696190689931996,586.48849983387,507.75656011689483,0.0,0.0,0.0,,215.42190679166052,293.56952551945596,23.459539993354802,0.0,485.5318923177617,601.9098427606001,30.0,43.03600817001764,77.44520715329153,0.0
